Vascular endothelial growth factor (VEGF) inhibitor response,
Hereditary cancer-predisposing syndrome,rs1567540133;rs1385638165;rs1420675064;rs1597349242;rs1060501190;rs1555525126;rs1597374210;rs121912652;rs587780073;rs1555524975;rs1555524156;rs786201057;rs753660142;rs1555526486;rs11540652;rs1131691013;rs368691910;rs1131691012;rs201744589;rs1057519976;rs141402957;rs781724995;rs750477922;rs863224451;rs878854066;rs1567557870;rs876659076;rs587778718;rs876659384;rs745951235;rs878854070;rs121912666;rs184743157;rs183153328;rs730882016;rs1555526920;rs1057520006;rs1597369785;rs730881997;rs774656101;rs878854071;rs587781288;rs876660951;rs868137297;rs55832599;rs372756865;rs587782776;rs1555524979;rs762253412;rs1131691004;rs786204041;rs1567555667;rs769697802;rs1555526532;rs746814615;rs756952434;rs876658466;rs1555526214;rs1131691024;rs1555525321;rs1555525586;rs564974117;rs1192921623;rs28934571;rs876660807;rs876658483;rs59758982;rs781537596;rs786203563;rs772773208;rs1382535379;rs1555526978;rs1064794141;rs754020850;rs587781460;rs1437756379;rs878854062;rs1555525539;rs1555527000;rs1597359353;rs878854064;rs1057523528;rs1555526335;rs886039484;rs876660754;rs752627700;rs786202799;rs776933919;rs587781504;rs876658982;rs755394212;rs1470589675;rs1555526278;rs1342613419;rs56275308;rs1597374820;rs1487868349;rs1555525584;rs1202793339;rs587782270;rs1567557800;rs587781866;rs587781663;rs121912658;rs1131691020;rs758194998;rs786201859;rs753085009;rs587782529;rs1285844180;rs878854073;rs773204149;rs786202222;rs576532147;rs587781664;rs372821099;rs1060501199;rs121912651;rs1555525344;rs1597371512;rs1057519747;rs587782646;rs1131691034;rs786201838;rs876658902;rs876658627;rs17849781;rs569425726;rs786202962;rs34361146;rs976434163;rs786203513;rs1555525710;rs372201428;rs876659784;rs28934578;rs1131691005;rs786202448;rs750578863;rs886039483;rs775185978;rs1057519982;rs1555524333;rs1555526789;rs757544615;rs730882012;rs28934574;rs201717599;rs756233241;rs1555525707;rs1060501203;rs1555526324;rs587781433;rs876658684;rs1555525587;rs786201059;rs1057522354;rs1555526241;rs1555525211;rs773918872;rs587782423;rs1555525470;rs373797299;rs758658664;rs587780076;rs587781495;rs121912664;rs876659802;rs1567551903;rs1555525367;rs1567545196;rs876660821;rs367560109;rs1555525303;rs587782461;rs1406108270;rs761121529;rs1064794311;rs756417643;rs1057519988;rs876660726;rs1057519980;rs144340710;rs878854069;rs55819519;rs148924904;rs879253905;rs1555525154;rs375275361;rs1064795203;rs11540654;rs1597349257;rs876658144;rs587781858;rs762540407;rs751253294;rs1597362411;rs759728549;rs483352695;rs56184981;rs1567552329;rs768964728;rs759625762;rs672601296;rs1555526565;rs1597371694;rs730882011;rs922736614;rs730882018;rs769934890;rs368771578;rs17882252;rs730882007;rs1555525938;rs1597373856;rs1555526956;rs17881780;rs750600586;rs761303879;rs121912660;rs1131691011;rs876658916;rs1555524976;rs587781386;rs1292303980;rs786203436;rs1131691039;rs587781564;rs864309495;rs587781642;rs1555525353;rs1019340046;rs1555525537;rs751494750;rs1800372;rs863224370;rs1131691040;rs876658468;rs1800371;rs140756213;rs11575998;rs765932887;rs1555525379;rs1060501191;rs397516439;rs869312655;rs371592265;rs587782006;rs786201148;rs1597345549;rs1597373769;rs1064794312;rs771914358;rs1597370312;rs1131691037;rs1555525857;rs730882008;rs863224683;rs786201762;rs1131691003;rs1555525386;rs879253942;rs28934577;rs1337240615;rs1423803759;rs377590379;rs587778719;rs1567548516;rs587781767;rs876659459;rs876659582;rs1555526078;rs35993958;rs1057519999;rs772829199;rs730882004;rs17881470;rs768803947;rs121913343;rs730882028;rs1555525382;rs730882005;rs876658696;rs1555526098;rs786202561;rs1555526841;rs1567555883;rs971879465;rs876659477;rs1597348743;rs375273756;rs201741778;rs1555526701;rs1597364916;rs1597374015;rs730882019;rs1555524094;rs1597374828;rs1245315319;rs1064795841;rs28934573;rs1060501211;rs587781702;rs1457582183;rs1322947350;rs1597349348;rs770598448;rs1567556618;rs1555526082;rs371524413;rs547244762;rs1597368376;rs756123992;rs1210700121;rs1131691010;rs55754907;rs587782289;rs587782082;rs1597368891;rs879254214;rs730882025;rs1597374098;rs587782877;rs1597349305;rs150607408;rs767356182;rs1800369;rs876658876;rs770374782;rs1131691025;rs1555526882;rs587780066;rs142813240;rs1555525747;rs876658527;rs1555524394;rs1064793603;rs1555524130;rs1567553501;rs1206165503;rs1057519994;rs1555525012;rs1597375038;rs1555524889;rs762846821;rs1060501202;rs1597369390;rs1555526586;rs879254233;rs587781736;rs587781845;rs746504075;rs370216745;rs1555524151;rs786202082;rs730882002;rs397514495;rs786202752;rs774077441;rs397516436;rs878854068;rs1131691008;rs730881994;rs1555526955;rs748527030;rs876660285;rs1555525016;rs1567555445;rs786202514;rs121912659;rs587780074;rs1555525970;rs121912655;rs78378222;rs200274944;rs757282628;rs1567555968;rs749061599;rs1057522329;rs1131691026;rs368444215;rs1131691007;rs786202525;rs1245012034;rs1057520008;rs786203396;rs770776262;rs786202055;rs768046010;rs1555525562;rs764562217;rs193920774;rs1555526097;rs1597359691;rs765848205;rs786203912;rs786204227;rs786202717;rs1555525695;rs587780728;rs779577884;rs863224682;rs1597364197;rs1567549584;rs1343035495;rs587782620;rs1057519977;rs1567541617;rs1555524931;rs766765429;rs1057520386;rs864622237;rs1131691038;rs876658845;rs1555525574;rs752142489;rs927888647;rs886039855;rs1131691036;rs372613518;rs730882006;rs1555525791;rs72661116;rs1567556752;rs1064795766;rs864622369;rs1450229137;rs1483487754;rs1364767238;rs483352697;rs934176141;rs1567557970;rs1567556432;rs1597349147;rs1057523101;rs1567540533;rs147002414;rs1204379654;rs1057519981;rs910296194;rs1555526506;rs1057519975;rs587782654;rs1131691029;rs1131691017;rs1023206153;rs1555525697;rs149633775;rs587780068;rs1555526001;rs1555525007;rs1555526721;rs1597362195;rs771939956;rs775515332;rs587781307;rs761222871;rs145151284;rs72661120;rs776659879;rs587782329;rs773666793;rs760043106;rs199693249;rs876658998;rs267605075;rs876659913;rs587782148;rs1064794618;rs786201968;rs11575996;rs1597349035;rs1597360340;rs876660825;rs730882015;rs587782391;rs1392931620;rs758434025;rs530941076;rs587782237;rs563378859;rs121912656;rs1131691006;rs876660749;rs1555525248;rs764851816;rs587782177;rs1555526933;rs1597373517;rs1064795860;rs137852790;rs587782272;rs369129220;rs1555526957;rs72661118;rs1567545210;rs773553186;rs370502517;rs35117667;rs984971583;rs1555525215;rs786203117;rs1555526469;rs764735889;rs1555527028;rs1555525279;rs1597362206;rs587782197;rs769270327;rs375099397;rs967461896;rs876660731;rs201293647;rs786201419;rs1555524079;rs876660829;rs55863639;rs28934873;rs1597345232;rs780442292;rs876659481;rs1051425969;rs587781525;rs587782664;rs376988747;rs779000871;rs1555525022;rs749629973;rs969930693;rs377274728;rs28934874;rs771319678;rs1597374264;rs1597345782;rs587778720;rs730882023;rs1597345314;rs138983188;rs587782705;rs751978853;rs1555526530;rs1567555404;rs748891343;rs72661119;rs876659984;rs113302588;rs1567552335;rs1555525956;rs370992294;rs1555524942;rs1567556576;rs752547878;rs1567558112;rs121912661;rs200277687;rs1555526327;rs869312782;rs1057519990;rs139200646;rs1555525902;rs1555524453;rs1057519992;rs587781371;rs1057519998;rs978869607;rs1064796401;rs764011631;rs730882001;rs1800899;rs1366652292;rs758781593;rs1057520001;rs730881996;rs574255227;rs1057519989;rs1060501195;rs1597365543;rs554738122;rs1060501204;rs1273569924;rs786202992;rs1555526004;rs1555526711;rs1131691042;rs876659098;rs747342068;rs1555524361;rs1060501206;rs1555526610;rs1597376589;rs1597373901;rs1555526254;rs786201443;rs945008591;rs1555526631;rs587782160;rs1555526832;rs369567704;rs1214646363;rs1555526952;rs1567540504;rs876660548;rs150293825;rs780218773;rs587782769;rs1060504160;rs786203298;rs267605076;rs1597371657;rs1131691043;rs1555525486;rs587781589;rs121913344;rs376713749;rs1482497533;rs1131691027;rs121912657;rs28934575;rs1131691031;rs1131691028;rs17883348;rs1555524470;rs876660156;rs746791390;rs587780075;rs267605077;rs1438095083;rs373710656;rs746601313;rs199527475;rs1367689213;rs879253894;rs876660333;rs876659260;rs1064794810;rs587782447;rs876659675;rs143458271;rs1567556231;rs1555525743;rs1800370;rs1597376439;rs1310956961;rs587781991;rs1042522;rs751477326;rs730882029;rs1060504167;rs879253911;rs758130745;rs1555526268;rs765673441;rs1597368095;rs1642789;rs786203589;rs1642785;rs1237829645;rs1555525156;rs786202315;rs534447939;rs587780070;rs1555526673;rs786203938;rs754628512;rs201601993;rs786201577;rs730882003;rs1597360326;rs730882014;rs746293837;rs730882010;rs1131691021;rs1064795134;rs1555525226;rs587782596;rs1131691018;rs1131691014;rs970212462;rs1555525067;rs1131691022;rs1555526466;rs1597370230;rs1597370899;rs1555526742;rs55764374;rs1597359130;rs1167199080;rs1438885967;rs995865613;rs77881630;rs121912654;rs1567545538;rs137852793;rs876658561;rs587782609;rs786202546;rs786203531;rs1064793881;rs763098116;rs1597368777;rs1555526470;rs786203071;rs1048095040;rs1131691023;rs377074538;rs762620193;rs1555526988;rs1597359235;rs137852789;rs876659415;rs1597364131;rs138729528;rs1456836660;rs1008479744;rs786201322;rs1597359403;rs397516434;rs1555526886;rs1555526798;rs1555524083;rs1057517840;rs1555526664;rs730882009;rs587782490;rs201382018;rs751713111;rs749289195;rs17880172;rs397516435;rs1319163924;rs1057522275;rs672601297;rs193920817;rs121912663;rs1567547721;rs1567556594;rs786201754;rs56226808;rs1597371154;rs1221388024;rs876660254;rs786203749;rs1131691035;rs144386518;rs863224500;rs1555526916;rs778138282;rs1057521606;rs876659177;rs1289241865;rs1555526345;rs863224499;rs769884991;rs1555525158;rs587781832;rs876659630;rs375229869;rs1597364185;rs1555526518;rs121912665;rs1567557864;rs375338359;rs1555524406;rs1131691033;rs1555524382;rs1597375294;rs200579969;rs1060501208;rs201753350;rs573130482;rs786202888;rs1046611742;rs372397095;rs1131691016;rs898427453;rs943163238;rs730882013;rs766127339;rs1060501196;rs375444154;rs786202289;rs568171603;rs911934766;rs202217267;rs876658274;rs767328513;rs774455868;rs200073907;rs1429743956;rs1567555531;rs587782650;rs1131691015;rs1597375899;rs786202368;rs1403707528;rs587782144;rs863224685;rs989692988;rs1597374797;rs587780072;rs28934576;rs1597362168;rs1597362182;rs1597368970;rs754312472;rs751440465;rs747908393;rs876658714;rs749309577;rs878854074;rs1597371187;rs1393711933;rs772354334;rs1224204682;rs749361930;rs866380588;rs1057523347;rs3021068;rs786203064;rs1418778734;rs1567546818;rs573154688;rs750031971;rs745425759;rs587781277;rs587781987;rs1567545918;rs876659215;rs199578278;rs985033810;rs397516438;rs1567541711;rs781595324;rs786203004;rs1131691041;rs749212949;rs112431538;rs535274413;rs753630563;rs786201592;rs878854067;rs867114783;rs1057519991;rs369599972;rs1057522496;rs539224556;rs766786605;rs150842067;rs863224687;rs867389695;rs1337983762;rs786203928;rs771721337;rs1555526784;rs779761818;rs1555525052;rs912136376;rs1057519983;rs1555525804;rs146340390;rs1597369559;rs1555526723;rs371409680
Li-Fraumeni syndrome,rs1555523911;rs1555525429;rs763565673;rs1597349242;rs1060501190;rs1555525126;rs1597374343;rs121912652;rs879254066;rs587780073;rs1555524156;rs730882027;rs1064795139;rs753660142;rs786201057;rs752701561;rs11540652;rs201744589;rs1057519976;rs781724995;rs141402957;rs863224451;rs878854066;rs587778718;rs876659384;rs1597374735;rs878854070;rs121912666;rs878854063;rs1057520006;rs1597359548;rs886053504;rs1597369010;rs730881997;rs774656101;rs878854071;rs587781288;rs876660951;rs1597375844;rs868137297;rs730882026;rs55832599;rs1555526101;rs587782776;rs1555524979;rs1131691004;rs786204041;rs1567555667;rs769697802;rs1555526532;rs746814615;rs1555525140;rs876658466;rs1555526214;rs1555525586;rs11575997;rs28934571;rs876660807;rs876658483;rs781537596;rs772773208;rs1382535379;rs1064794141;rs754020850;rs587781460;rs878854062;rs886053503;rs1555527017;rs878854064;rs35163653;rs1555526335;rs886039484;rs876660754;rs786202799;rs776933919;rs1555526795;rs587781504;rs876658982;rs755394212;rs1555526278;rs1794287;rs1342613419;rs56275308;rs1597374820;rs1487868349;rs730881999;rs751183912;rs587782270;rs587781866;rs121912658;rs1057519984;rs786201859;rs753085009;rs137852792;rs587782529;rs878854073;rs772683278;rs1287887419;rs786202222;rs587781664;rs1060501199;rs121912651;rs193920789;rs1567547933;rs1212996409;rs863224684;rs1057519747;rs1597371666;rs777374791;rs786201838;rs1597375122;rs1555526932;rs587782646;rs17849781;rs1597370110;rs786202962;rs34361146;rs976434163;rs1060501200;rs786203513;rs372201428;rs1567552753;rs28934578;rs786202448;rs750578863;rs886039483;rs775185978;rs1057519982;rs1555526789;rs757544615;rs28934574;rs201717599;rs756233241;rs886053505;rs1060501203;rs1597362155;rs1567556930;rs587781433;rs876658684;rs1555525518;rs786201059;rs1567557016;rs1555526241;rs1555525211;rs1555525564;rs773918872;rs1567553148;rs587782423;rs1064795434;rs1427959882;rs373797299;rs587780076;rs587781495;rs121912664;rs876659802;rs1567551903;rs1555525367;rs876660821;rs367560109;rs587782461;rs1555525197;rs587783064;rs1555525703;rs745751553;rs121912662;rs1064794311;rs1555525498;rs1597373952;rs1057519988;rs876660726;rs1057519980;rs144340710;rs17880604;rs587780729;rs1597345246;rs55819519;rs878854069;rs1060501210;rs148924904;rs1555525154;rs375275361;rs730881998;rs1064795203;rs11540654;rs886053510;rs587781858;rs762540407;rs751253294;rs1555526468;rs1567548347;rs759728549;rs1567557622;rs483352695;rs56184981;rs1060504166;rs886053514;rs1567541975;rs759625762;rs672601296;rs1597371694;rs1057521030;rs1060501212;rs922736614;rs730882018;rs752189180;rs1597375058;rs1597364034;rs769934890;rs757274881;rs1060501192;rs368771578;rs17882252;rs1597374438;rs750600586;rs121912660;rs942158624;rs876658916;rs587781386;rs1555526589;rs1292303980;rs786203436;rs1131691039;rs587781642;rs1555525957;rs1555525353;rs1019340046;rs751494750;rs1800372;rs863224370;rs876658468;rs1800371;rs11575998;rs1057517593;rs1060501191;rs397516439;rs786201148;rs587782006;rs1567553215;rs1064794312;rs1131691037;rs1555525857;rs730882008;rs1057520000;rs863224683;rs786201762;rs1131691003;rs1064795056;rs28934577;rs879253942;rs764342812;rs1597364514;rs1423803759;rs377590379;rs587778719;rs1567553114;rs876659582;rs1555526078;rs35993958;rs1057519999;rs1567556386;rs772829199;rs730882004;rs17881470;rs768803947;rs121913343;rs1057520003;rs730882028;rs876658696;rs374041625;rs730882005;rs1555526098;rs1057520007;rs1567557177;rs886053500;rs375273756;rs1567548832;rs1060501198;rs201741778;rs1555526701;rs1597374742;rs1597373700;rs730882019;rs1057280220;rs1064795841;rs1060501211;rs28934573;rs1464727668;rs587781702;rs1457582183;rs1555524474;rs1322947350;rs1567556618;rs794727781;rs1555526082;rs371524413;rs1567541856;rs28934875;rs1555526462;rs1057519997;rs1597345302;rs756123992;rs1210700121;rs1555525170;rs55754907;rs1567555808;rs1567551121;rs1060501207;rs587782289;rs587782082;rs1555525929;rs879254214;rs730882025;rs1597364867;rs150607408;rs1800369;rs770374782;rs1131691025;rs765930028;rs142813240;rs876658527;rs730882000;rs1555524394;rs786204145;rs886041861;rs1064793603;rs1567553501;rs1206165503;rs1057519994;rs745692731;rs1373046761;rs1555525012;rs1597362423;rs1597365202;rs1597375038;rs1064795691;rs1567541951;rs762846821;rs1060501202;rs879254233;rs1597369519;rs587781736;rs1159579789;rs1060504161;rs587781845;rs746504075;rs370216745;rs730882002;rs397514495;rs786202752;rs886053508;rs878854068;rs397516436;rs730881994;rs1555525040;rs748527030;rs1567555445;rs121912659;rs587780074;rs1555525970;rs121912655;rs757282628;rs1567555968;rs749061599;rs1597360991;rs1131691026;rs1131691007;rs786202525;rs1555524949;rs1245012034;rs1555525585;rs1057520008;rs770776262;rs775915220;rs1555526097;rs193920774;rs786203912;rs1597359691;rs765848205;rs587780728;rs786204227;rs786202717;rs863224682;rs1567549584;rs1057519977;rs587782620;rs766765429;rs864622237;rs1567551730;rs886053507;rs927888647;rs1567546716;rs1060501201;rs372613518;rs730882006;rs1555525043;rs72661116;rs766856111;rs1064795766;rs864622369;rs1450229137;rs1057519985;rs483352697;rs1597375116;rs934176141;rs1567556432;rs1597349147;rs1057523101;rs1597376387;rs147002414;rs1204379654;rs1057519981;rs1057519975;rs587782654;rs1131691029;rs1131691017;rs1023206153;rs149633775;rs587780068;rs1555526001;rs1555525007;rs17880282;rs1555523630;rs771939956;rs775515332;rs587781307;rs761222871;rs145151284;rs72661120;rs587782329;rs760043106;rs199693249;rs876658998;rs267605075;rs587782148;rs1064794618;rs786204061;rs786201968;rs11575996;rs1060504162;rs864622115;rs1597349035;rs876660825;rs587782391;rs1392931620;rs1555525931;rs1597375159;rs530941076;rs587782237;rs563378859;rs1597368504;rs587780067;rs121912656;rs1131691006;rs587782177;rs1555525248;rs878854065;rs1555526933;rs1064795860;rs1555526709;rs587782272;rs1567547661;rs369129220;rs72661118;rs773553186;rs370502517;rs121912653;rs35117667;rs886053509;rs786203117;rs1555526469;rs764735889;rs769270327;rs1597362206;rs1567548432;rs587782197;rs375099397;rs1597370222;rs967461896;rs1555526478;rs876660731;rs1555524079;rs876660829;rs55863639;rs28934873;rs1567549676;rs1597370799;rs876659481;rs1555526748;rs587781525;rs587782664;rs779000871;rs1555525022;rs749629973;rs969930693;rs377274728;rs1555526166;rs28934874;rs1060504164;rs1597374264;rs587778720;rs1597375092;rs17883670;rs1467799984;rs730882023;rs138983188;rs587782705;rs1597345861;rs1597374152;rs751978853;rs1597374412;rs1057520005;rs34067256;rs748891343;rs72661119;rs876659984;rs370546196;rs1597365138;rs1555525956;rs370992294;rs1567556576;rs1567558112;rs121912661;rs200277687;rs1555526327;rs1567546196;rs869312782;rs1567556473;rs17883782;rs1057519990;rs1567556019;rs1597360140;rs139200646;rs1555525902;rs1064795369;rs1057519992;rs587781371;rs1057519998;rs764011631;rs730882001;rs1597359175;rs1800899;rs1060501193;rs758781593;rs1057520001;rs730881996;rs1064792930;rs574255227;rs1057519989;rs1567542019;rs1597365543;rs1555524108;rs1060501195;rs1060501204;rs1555526997;rs786202992;rs1555525024;rs1555526004;rs1131691042;rs1567554216;rs1064796257;rs747342068;rs1555524361;rs1060501206;rs17551150;rs1597376589;rs1597373901;rs786201443;rs1555526631;rs1555526832;rs1567540504;rs876660548;rs150293825;rs1597367601;rs587782769;rs1060504160;rs786203298;rs267605076;rs1597373333;rs1555526495;rs1567556923;rs121913344;rs878854072;rs1060501209;rs1555526581;rs1482497533;rs121912657;rs28934575;rs1131691028;rs1555524074;rs1555524470;rs746791390;rs1597375376;rs587780075;rs267605077;rs373710656;rs1597362004;rs199527475;rs746601313;rs879253894;rs876660333;rs1064794810;rs587782447;rs876659675;rs143458271;rs1555525743;rs1800370;rs1597376439;rs1567546114;rs587780071;rs1310956961;rs587781991;rs1042522;rs751477326;rs1597371253;rs730882029;rs1060504167;rs889930337;rs879253911;rs1555526268;rs1597368095;rs1555526226;rs1642785;rs1237829645;rs1060501197;rs1567555934;rs786202315;rs1597359848;rs534447939;rs587780070;rs786203938;rs201601993;rs1353016807;rs786201577;rs730882003;rs730882014;rs764486868;rs746293837;rs1131691021;rs1555525425;rs587782596;rs970212462;rs1131691022;rs1555526466;rs1597376489;rs1597345344;rs55764374;rs1597359130;rs1555526140;rs1555526938;rs200757381;rs121912654;rs1567554500;rs137852793;rs786202546;rs1555524396;rs786203531;rs763098116;rs764146326;rs1555526470;rs786203071;rs776167460;rs1048095040;rs1131691023;rs1057519986;rs762620193;rs1567540280;rs137852789;rs138729528;rs1456836660;rs1008479744;rs397516434;rs1555526798;rs1555526625;rs1555524083;rs1057517840;rs1597363720;rs1567554121;rs730882009;rs201382018;rs751713111;rs749289195;rs397516435;rs1245723119;rs864622076;rs1319163924;rs1057522275;rs193920817;rs121912663;rs1567548090;rs794727846;rs866775781;rs786201754;rs1221388024;rs876660254;rs1357840734;rs786203749;rs144386518;rs863224500;rs778138282;rs1597359140;rs876659177;rs1555526593;rs1289241865;rs1555526345;rs863224499;rs769884991;rs587781832;rs1555527015;rs121912667;rs2287498;rs121912665;rs1064794309;rs375338359;rs1131691033;rs1555524382;rs1597375294;rs1060504165;rs200579969;rs1555526750;rs201753350;rs1060501208;rs1597375167;rs573130482;rs1046611742;rs372397095;rs1131691016;rs1060501194;rs766127339;rs1060501196;rs375444154;rs1057520004;rs568171603;rs202217267;rs876658274;rs1057520002;rs767328513;rs863224686;rs200073907;rs1429743956;rs1403707528;rs587782144;rs863224685;rs1555526467;rs989692988;rs1597374797;rs587780072;rs28934576;rs1555524991;rs754312472;rs751440465;rs876658714;rs749309577;rs878854074;rs772354334;rs1224204682;rs866380588;rs1597362366;rs1057523347;rs1418778734;rs1555525921;rs879254249;rs1567551885;rs573154688;rs745425759;rs587781277;rs1597373605;rs774269719;rs876659215;rs1060504163;rs1567545268;rs1555526131;rs1011445550;rs1057519995;rs985033810;rs397516438;rs1567541711;rs1555525209;rs1597362571;rs781595324;rs786203004;rs535274413;rs112431538;rs1597364759;rs753630563;rs1330865474;rs1060501205;rs786201592;rs1057519996;rs878854067;rs867114783;rs1057519991;rs1555526931;rs1057522496;rs766786605;rs2287499;rs863224687;rs771721337;rs886053501;rs779761818;rs1555525052;rs1597368418;rs886053511;rs1555525804;rs146340390;rs1597369559;rs1555526723;rs371409680
Basal cell carcinoma (susceptibility to) 7,rs149633775;rs563378859;rs78378222;rs762846821;rs746601313;rs28934576;rs11540652;rs28934578;rs1131691042;rs1131691003;rs55832599
Li-Fraumeni syndrome 1,rs368771578;rs483352697;rs17882252;rs17881780;rs587783062;rs200378797;rs121912652;rs886053502;rs1064795139;rs786201057;rs587781386;rs11540652;rs1131691039;rs368691910;rs201744589;rs864309495;rs1642789;rs149633775;rs1800372;rs587778718;rs1800371;rs121912666;rs140756213;rs184743157;rs1057517593;rs775515332;rs587781307;rs534447939;rs587780070;rs145151284;rs886053516;rs730881997;rs267605075;rs786201577;rs864622369;rs730882003;rs730882014;rs730882008;rs876660825;rs1555527002;rs587782391;rs1131691003;rs55832599;rs587782776;rs563378859;rs879253942;rs121912656;rs35993958;rs121913343;rs730882028;rs72661118;rs730882005;rs121912654;rs370502517;rs121912653;rs786203563;rs35117667;rs1555524872;rs886053515;rs765179201;rs375099397;rs587783063;rs28934873;rs878854064;rs730882019;rs587782664;rs779000871;rs200053580;rs730882009;rs201382018;rs587778720;rs55817367;rs1555526082;rs371524413;rs749289195;rs876658982;rs755394212;rs587782705;rs114831472;rs28934875;rs193920817;rs730881999;rs121912663;rs587782270;rs587781866;rs55754907;rs1555526843;rs72661119;rs786203749;rs587782529;rs144386518;rs730882025;rs150607408;rs121912661;rs576532147;rs16956880;rs121912651;rs17884306;rs199729221;rs886053512;rs121912665;rs200989844;rs587776768;rs1800899;rs372201428;rs200579969;rs573130482;rs28934578;rs201753350;rs758781593;rs1057520001;rs1057519982;rs730881996;rs762846821;rs554738122;rs28934574;rs730882013;rs201717599;rs1060501196;rs568171603;rs587781433;rs202217267;rs1131691042;rs886053499;rs200073907;rs587781845;rs747342068;rs374907737;rs397514495;rs878854068;rs397516436;rs587782144;rs1597376589;rs587780072;rs28934576;rs587780076;rs587781495;rs121912664;rs78378222;rs876660548;rs150293825;rs587782769;rs749061599;rs17879353;rs3021068;rs786203064;rs587782461;rs786202525;rs587783064;rs121912662;rs1057520008;rs573154688;rs121913344;rs756417643;rs745425759;rs764562217;rs1555526097;rs144340710;rs17880604;rs55819519;rs786204227;rs587780728;rs886053513;rs4968187;rs1060504163;rs863224682;rs121912657;rs28934575;rs199578278;rs587782620;rs17883348;rs587780075;rs11540654;rs535274413;rs373710656;rs746601313;rs886053506;rs879253894;rs1555525373;rs369599972;rs143458271;rs1800370;rs146340390;rs769934890;rs1042522;rs371409680
Chronic lymphocytic leukemia,rs730882005;rs375874539;rs121912655;rs942158624;rs764146326;rs1057519990;rs121912651;rs1057519981;rs11540652;rs786201838;rs1057519992;rs863224451;rs876658468;rs193920774;rs121912666;rs138729528;rs1057519994;rs587781525;rs1057519995;rs1057519982;rs760043106;rs1057519997;rs876659675;rs1057519983;rs1057519984;rs28934576;rs121913343
Dyskeratosis congenita,
Diamond-Blackfan anemia,rs1555524354;rs1555524370
Squamous cell carcinoma of the head and neck,rs1057519985;rs483352697;rs121912660;rs942158624;rs587780073;rs786201057;rs753660142;rs1057519981;rs587781386;rs11540652;rs786203436;rs1597365075;rs863224451;rs876658468;rs1597400604;rs121912666;rs534447939;rs587780070;rs145151284;rs587782329;rs760043106;rs199693249;rs587781288;rs1057519978;rs730882008;rs1057520000;rs1166313179;rs730882026;rs530941076;rs121912656;rs1057519999;rs730882004;rs17881470;rs121913343;rs1057520003;rs28934571;rs876660807;rs730882005;rs876658696;rs1064793881;rs1057520007;rs764146326;rs786203071;rs1048095040;rs1057519986;rs967461896;rs786201419;rs138729528;rs587781525;rs587782664;rs28934573;rs376988747;rs876660754;rs28934874;rs587778720;rs371524413;rs587782705;rs1567541856;rs751978853;rs866775781;rs587782289;rs1057519984;rs587782082;rs113302588;rs730882025;rs375874539;rs1057519990;rs121912651;rs1057519747;rs1597371666;rs786201838;rs17849781;rs1057519998;rs786202962;rs730882001;rs1057519994;rs28934578;rs1057519982;rs1057519989;rs28934574;rs1057520004;rs5819162;rs1057520002;rs200073907;rs786201059;rs747342068;rs397514495;rs397516436;rs587782144;rs748527030;rs1373684374;rs28934576;rs121912664;rs876659802;rs121912655;rs150293825;rs876660821;rs367560109;rs1057520008;rs1057519988;rs1057519980;rs193920774;rs144340710;rs765848205;rs55819519;rs148924904;rs1567545268;rs121912657;rs28934575;rs1567549584;rs1057519977;rs985033810;rs864622237;rs535274413;rs373710656;rs1057519996;rs1057519991;rs876660333;rs1057519987;rs1057519983;rs146340390;rs587780071;rs1310956961;rs769934890
Carcinoma of colon,rs149633775;rs563378859;rs762846821;rs1131691003;rs373710656;rs746601313;rs121912651;rs1057519984;rs28934576;rs11540652;rs28934578;rs1131691042;rs55832599;rs201744589
Classic Hodgkin lymphoma,
Familial cancer of breast,rs72661120;rs149633775;rs563378859;rs1057519989;rs762846821;rs137852794;rs397514495;rs137852792;rs1131691003;rs773666793;rs397516436;rs1800369;rs746601313;rs28934576;rs1048095040;rs11540652;rs28934578;rs1131691042;rs587782705;rs55832599
Nonmedullary thyroid carcinoma 1,
Neoplasm of ovary,rs757274881;rs1555525429;rs730882007;rs587783062;rs121912652;rs730882029;rs587780073;rs763746485;rs753660142;rs1057519981;rs11540652;rs1057519975;rs1567551279;rs1131691039;rs864309495;rs201744589;rs1567547066;rs1131691029;rs879253911;rs781724995;rs863224451;rs1567550076;rs876659384;rs1555526721;rs121912666;rs1567555934;rs1567553924;rs397516439;rs587780070;rs1567548789;rs587782329;rs1567551073;rs1567551854;rs760043106;rs1567556114;rs587781288;rs1057520000;rs868137297;rs730882026;rs786201762;rs1555526101;rs530941076;rs28934577;rs587780067;rs867725248;rs121912656;rs1567547030;rs1567546226;rs587782177;rs1567555667;rs1131691022;rs1555526466;rs121913343;rs11575997;rs28934571;rs72661118;rs730882005;rs121912654;rs876658483;rs1567556784;rs137852793;rs1064793881;rs1567554408;rs764146326;rs786203071;rs1555525279;rs587782197;rs1567553834;rs967461896;rs1567542245;rs1064793929;rs1567550018;rs138729528;rs1064796722;rs730882019;rs587782664;rs1555526335;rs28934573;rs886039484;rs876660754;rs587781702;rs1057517840;rs1567548114;rs786202799;rs28934874;rs1195793509;rs1567549353;rs1567551150;rs397516435;rs371524413;rs587781504;rs1057519997;rs1567552031;rs1202793339;rs193920817;rs730881999;rs1567555504;rs1057520607;rs1567542043;rs866775781;rs121912658;rs1567551821;rs1057519984;rs587782082;rs587782529;rs1567555994;rs730882025;rs1567553613;rs1567555939;rs1567546196;rs1567553717;rs1567547687;rs863224499;rs1057519990;rs121912651;rs1567551402;rs1212996409;rs1567556006;rs1567546889;rs786201838;rs17849781;rs1057519998;rs730882000;rs375338359;rs1567553658;rs730882001;rs1206165503;rs1567548223;rs28934578;rs1567546373;rs886039483;rs1057520001;rs1567550002;rs1267047192;rs1567542019;rs1567556123;rs28934574;rs1057520002;rs587781845;rs786201059;rs1567556165;rs878854068;rs397516436;rs1567549129;rs28934576;rs1567555445;rs1567549651;rs587780074;rs121912664;rs1555525970;rs876659802;rs121912655;rs1567551903;rs1555525367;rs876660548;rs876660821;rs1131691026;rs1567557258;rs1567542299;rs786202525;rs587781589;rs1555525585;rs1567552847;rs121913344;rs1567552637;rs1057519988;rs1057519980;rs193920774;rs1567556270;rs1567552536;rs876659215;rs148924904;rs121912657;rs28934575;rs1057519995;rs985033810;rs1567542031;rs1597359215;rs1597367938;rs864622237;rs11540654;rs1567556914;rs1567556454;rs1567548929;rs786201592;rs1567542146;rs1057519996;rs483352695;rs1057519991;rs1567552584;rs1567541975;rs1567553514;rs1567549203;rs1567551718;rs730882018;rs1567554542
Malignant tumor of breast,rs876660807;rs35117667;rs763098116;rs866380588;rs201744589;rs1437756379;rs587781371;rs149633775;rs1800372;rs1800371;rs1800899;rs573130482;rs1597374828;rs587782620;rs750578863;rs534447939;rs72661120;rs754628512;rs587780075;rs11540654;rs267605075;rs730882008;rs1800370;rs587778719;rs28934576;rs72661116;rs17881470
Bone marrow failure syndrome 5,rs55819519;rs1555524354;rs1555524370
Colonic neoplasm,rs755394212
Colorectal polyposis,rs755394212
Poly (ADP-Ribose) polymerase inhibitor response,rs17849781;rs1057519625;rs112431538;rs587778720
Gallbladder cancer,rs730882005;rs876659802;rs786202799;rs730882029;rs764146326;rs121912651
Hereditary breast and ovarian cancer syndrome,rs1567556576;rs17882252;rs1131691016;rs121912665;rs587782461;rs587778719;rs201382018;rs1555526469;rs587780728;rs371524413;rs201753350
Adrenocortical carcinoma, hereditary,rs121912664;rs149633775;rs563378859;rs762846821;rs746601313;rs28934576;rs11540652;rs28934578;rs1131691042;rs1131691003;rs55832599
Adrenocortical carcinoma, pediatric,rs121912667;rs121912664
Breast neoplasm,rs1057519985;rs483352697;rs121912660;rs942158624;rs587780073;rs786201057;rs753660142;rs1057519981;rs11540652;rs786203436;rs1057519975;rs1057519976;rs863224451;rs876658468;rs121912666;rs587780070;rs587782329;rs1057520006;rs760043106;rs587781288;rs1057519978;rs730882008;rs1057520000;rs730882026;rs530941076;rs121912656;rs587782177;rs1057519999;rs730882004;rs121913343;rs1057520003;rs876660807;rs730882005;rs1057520007;rs764146326;rs786203071;rs1057519986;rs967461896;rs786201419;rs138729528;rs587781525;rs587782664;rs28934573;rs886039484;rs876660754;rs28934874;rs587778720;rs1057519997;rs866775781;rs1057520005;rs587782289;rs1057519984;rs730882025;rs375874539;rs1057519990;rs121912651;rs1057519747;rs786201838;rs17849781;rs1057519998;rs786202962;rs28934578;rs1057519994;rs1057520001;rs1057519982;rs28934574;rs1057520004;rs1057520002;rs786201059;rs747342068;rs397516436;rs28934576;rs121912664;rs876659802;rs121912655;rs876660821;rs1057520008;rs1057519988;rs1057519980;rs193920774;rs765848205;rs148924904;rs1057519977;rs121912657;rs28934575;rs587782620;rs1057519995;rs864622237;rs1057519996;rs1057519991;rs876660333;rs876659675;rs1057519987;rs1057519983;rs587780071;rs1555526250;rs587781991
Familial colorectal cancer,rs121912659;rs121912665
Non-Hodgkin lymphoma,rs28934573;rs121912659;rs1057520008;rs28934574;rs1057520007;rs730882008;rs1057520002
Sarcoma,rs137852791;rs672601297;rs137852789;rs672601296;rs137852790;rs11540652
Malignant Colorectal Neoplasm,rs11540652;rs1131691039
Neoplasm of the large intestine,rs1057519985;rs876660807;rs730882005;rs483352697;rs876659802;rs942158624;rs587780073;rs1057520007;rs876660821;rs1057519990;rs121912651;rs786201057;rs1057519981;rs1057520003;rs11540652;rs786203436;rs1057519747;rs1057519975;rs786201838;rs1057519976;rs1057520008;rs1057519992;rs967461896;rs17849781;rs863224451;rs1057519998;rs121913344;rs786202962;rs876658468;rs1057519980;rs193920774;rs121912666;rs765848205;rs138729528;rs148924904;rs121912657;rs28934575;rs587782664;rs1057519994;rs1057519977;rs587780070;rs985033810;rs28934573;rs876660754;rs1057520006;rs1057519989;rs760043106;rs864622237;rs28934574;rs28934874;rs587781288;rs587778720;rs1057519978;rs730882008;rs1057520000;rs1057519996;rs730882026;rs1057520002;rs876660333;rs1057519991;rs786201059;rs530941076;rs747342068;rs121912656;rs397516436;rs1057519983;rs866775781;rs1057520005;rs587782289;rs587780071;rs1057519999;rs28934576;rs730882004;rs121913343;rs587781991
Lip and oral cavity carcinoma,rs985033810;rs28934573;rs876660754;rs1057520006;rs1042522;rs121913344;rs587780068;rs876660726;rs868137297;rs1057520005;rs587778720;rs730882001;rs121912651;rs11540652;rs28934578;rs587782705;rs55832599
Head and Neck Neoplasms,rs121913344
Rhabdomyosarcoma (disease),rs587780067;rs879253942;rs1057519989;rs1202793339;rs28934874;rs55863639;rs144340710;rs587782144;rs28934576;rs11540652;rs201744589
Familial ovarian cancer,rs786202962;rs55819519;rs28934575
Hepatocellular carcinoma,rs1057519985;rs28934571;rs876660807;rs730882005;rs375874539;rs121912655;rs121912654;rs121912660;rs942158624;rs587780073;rs1057520007;rs876660821;rs764146326;rs1057519990;rs121912651;rs753660142;rs1057519981;rs786203071;rs11540652;rs786203436;rs1057519747;rs1057519975;rs786201057;rs786201838;rs1057519976;rs1057520008;rs1057519992;rs149633775;rs967461896;rs863224451;rs1057519998;rs786202962;rs876658468;rs786201419;rs1057519980;rs193920774;rs121912666;rs138729528;rs148924904;rs1057519994;rs587781525;rs28934575;rs28934578;rs587780070;rs985033810;rs1057519982;rs587782329;rs1057520001;rs1057520006;rs1057519989;rs886039484;rs876660754;rs760043106;rs864622237;rs28934574;rs762846821;rs28934874;rs746601313;rs587778720;rs730882008;rs1057520000;rs1131691042;rs1057519991;rs55832599;rs1131691003;rs1057519997;rs786201059;rs530941076;rs563378859;rs121912656;rs587782177;rs397516436;rs1057519983;rs1057520005;rs587780071;rs1057519984;rs587782082;rs28934576;rs1057519999;rs1057520003;rs121913343;rs587781991
Small cell lung carcinoma,rs1057519985;rs483352697;rs121912660;rs587780073;rs876660821;rs1057519990;rs121912651;rs786201057;rs753660142;rs11540652;rs786203436;rs1057519747;rs786201838;rs876658468;rs193920774;rs121912666;rs148924904;rs587780070;rs985033810;rs1057520001;rs587782329;rs886039484;rs1057520006;rs1057519989;rs876660754;rs864622237;rs1057519991;rs786201059;rs530941076;rs587782177;rs1057520005;rs587782082;rs28934576;rs1057520003;rs121913343
Squamous cell carcinoma of the skin,rs1057519985;rs483352697;rs876659802;rs121912660;rs876660821;rs764146326;rs1057519990;rs121912651;rs753660142;rs786201057;rs11540652;rs1057519986;rs17849781;rs1057519988;rs193920774;rs121912657;rs587781525;rs587780070;rs28934573;rs587782329;rs28934574;rs587778720;rs1057520004;rs730882008;rs730882026;rs1057520002;rs876660333;rs1057519991;rs786201059;rs1057519987;rs397516436;rs587782289;rs1057519984;rs587782082;rs1057520003;rs730882025
Transitional cell carcinoma of the bladder,rs1057519985;rs730882005;rs375874539;rs121912655;rs121912660;rs587780073;rs764146326;rs1057519990;rs121912651;rs753660142;rs1057519981;rs786203071;rs11540652;rs1057519975;rs786201057;rs786201838;rs1057519976;rs1057519992;rs967461896;rs863224451;rs1057519998;rs786202962;rs876658468;rs786201419;rs1057519980;rs193920774;rs121912666;rs138729528;rs121912657;rs28934575;rs587781525;rs28934573;rs1057519982;rs864622237;rs28934574;rs28934874;rs587778720;rs730882008;rs1057520000;rs1057519996;rs1057520002;rs876660333;rs786201059;rs530941076;rs747342068;rs121912656;rs397516436;rs1057519983;rs866775781;rs587780071;rs1057519984;rs28934576;rs1057520003;rs121913343;rs587781991
Acute myeloid leukemia,rs1057519985;rs121912660;rs942158624;rs876660821;rs121912651;rs786201057;rs753660142;rs11540652;rs1057519747;rs786201838;rs967461896;rs786202962;rs876658468;rs1057519980;rs121912666;rs1057519994;rs1057519977;rs587780070;rs1057520001;rs886039484;rs587782329;rs760043106;rs587781288;rs1057519978;rs1057519991;rs786201059;rs587782177;rs587782082;rs28934576;rs1057520003;rs121913343
Lung adenocarcinoma,rs1057519985;rs483352697;rs121912660;rs942158624;rs786201057;rs753660142;rs1057519981;rs11540652;rs786203436;rs1057519975;rs1057519976;rs863224451;rs876658468;rs121912666;rs587780070;rs587782329;rs1057520006;rs760043106;rs587781288;rs1057519978;rs730882008;rs1057520000;rs730882026;rs530941076;rs121912656;rs587782177;rs1057519999;rs730882004;rs121913343;rs1057520003;rs876660807;rs730882005;rs1057520007;rs764146326;rs786203071;rs1057519986;rs967461896;rs786201419;rs138729528;rs587781525;rs587782664;rs28934573;rs886039484;rs876660754;rs28934874;rs587778720;rs866775781;rs1057520005;rs587782289;rs1057519984;rs587782082;rs730882025;rs375874539;rs1057519990;rs121912651;rs1057519747;rs786201838;rs17849781;rs1057519998;rs786202962;rs1057519994;rs1057520001;rs1057519982;rs1057519989;rs28934574;rs1057520004;rs1057520002;rs786201059;rs747342068;rs397516436;rs28934576;rs876659802;rs121912655;rs876660821;rs1057520008;rs1057519988;rs1057519980;rs193920774;rs765848205;rs148924904;rs1057519977;rs121912657;rs28934575;rs1057519995;rs985033810;rs1057519996;rs1057519991;rs876660333;rs876659675;rs1057519987;rs1057519983;rs587780071;rs587781991
Neoplasm of brain,rs1057519985;rs483352697;rs730882005;rs876659802;rs121912660;rs942158624;rs1057520007;rs876660821;rs1057519990;rs121912651;rs786201057;rs753660142;rs1057519981;rs1057520003;rs11540652;rs786203436;rs1057519747;rs1057519975;rs786201838;rs1057519976;rs1057519986;rs1057520008;rs967461896;rs17849781;rs863224451;rs1057519998;rs786202962;rs876658468;rs1057519988;rs1057519980;rs193920774;rs121912666;rs765848205;rs138729528;rs148924904;rs1057519994;rs28934575;rs587782664;rs1057519977;rs1057519995;rs587780070;rs985033810;rs28934573;rs876660754;rs1057520006;rs1057519989;rs760043106;rs28934574;rs28934874;rs587781288;rs587778720;rs1057519978;rs1057520004;rs730882008;rs1057520000;rs1057519996;rs730882026;rs1057520002;rs1057519991;rs786201059;rs876659675;rs530941076;rs1057519987;rs747342068;rs121912656;rs397516436;rs1057519983;rs866775781;rs1057520005;rs587782289;rs587780071;rs28934576;rs730882004;rs121913343;rs587781991;rs730882025
Carcinoma of esophagus,rs1057519985;rs483352697;rs730882005;rs876659802;rs375874539;rs121912655;rs121912660;rs942158624;rs587780073;rs1057520007;rs876660821;rs1057519990;rs121912651;rs786201057;rs753660142;rs1057519981;rs1057520003;rs11540652;rs786203436;rs1057519747;rs1057519975;rs786201838;rs1057519976;rs1057519986;rs1057519992;rs1057520008;rs17849781;rs863224451;rs967461896;rs786202962;rs876658468;rs1057519988;rs1057519980;rs193920774;rs138729528;rs765848205;rs148924904;rs1057519994;rs28934575;rs587782664;rs1057519995;rs587780070;rs985033810;rs1057519982;rs587782329;rs28934573;rs1057520001;rs1057519989;rs886039484;rs876660754;rs760043106;rs864622237;rs28934574;rs28934874;rs587778720;rs1057520004;rs730882008;rs1057520000;rs1057519996;rs1057519991;rs1057520002;rs1057519997;rs786201059;rs876659675;rs747342068;rs1057519987;rs121912656;rs587782177;rs397516436;rs1057519983;rs866775781;rs587782082;rs28934576;rs730882004;rs121913343;rs587781991;rs730882025
Ovarian Serous Cystadenocarcinoma,rs1057519985;rs483352697;rs121912660;rs942158624;rs587780073;rs786201057;rs753660142;rs1057519981;rs11540652;rs786203436;rs1057519975;rs1057519976;rs863224451;rs876658468;rs121912666;rs587780070;rs587782329;rs1057520006;rs760043106;rs730882008;rs1057520000;rs730882026;rs530941076;rs121912656;rs587782177;rs1057519999;rs730882004;rs121913343;rs1057520003;rs876660807;rs730882005;rs1057520007;rs764146326;rs786203071;rs1057519986;rs967461896;rs786201419;rs138729528;rs587781525;rs587782664;rs28934573;rs886039484;rs876660754;rs28934874;rs587778720;rs866775781;rs1057520005;rs587782289;rs1057519984;rs587782082;rs730882025;rs1057519990;rs121912651;rs1057519747;rs786201838;rs1057519992;rs17849781;rs1057519998;rs786202962;rs1057519994;rs1057520001;rs1057519989;rs28934574;rs1057520004;rs1057520002;rs786201059;rs747342068;rs397516436;rs28934576;rs876659802;rs876660821;rs1057520008;rs1057519988;rs1057519980;rs193920774;rs765848205;rs148924904;rs121912657;rs28934575;rs985033810;rs864622237;rs1057519996;rs1057519991;rs876660333;rs1057519987;rs1057519983;rs587780071;rs587781991
Adenocarcinoma of stomach,rs1057519985;rs876660807;rs730882005;rs483352697;rs375874539;rs121912655;rs121912660;rs942158624;rs587780073;rs876660821;rs764146326;rs121912651;rs786201057;rs753660142;rs1057519981;rs786203071;rs11540652;rs1057519975;rs1057519747;rs1057520003;rs786201838;rs1057519976;rs1057519986;rs1057519992;rs967461896;rs786202962;rs876658468;rs1057519988;rs1057519980;rs786201419;rs121912666;rs765848205;rs138729528;rs121912657;rs587781525;rs28934575;rs587782664;rs1057519994;rs587780070;rs985033810;rs1057519982;rs587782329;rs1057520001;rs1057520006;rs1057519989;rs886039484;rs876660754;rs760043106;rs864622237;rs28934574;rs28934874;rs587778720;rs730882008;rs1057520000;rs1057519996;rs730882026;rs1057519991;rs876660333;rs1057519997;rs786201059;rs530941076;rs747342068;rs1057519987;rs121912656;rs587782177;rs397516436;rs866775781;rs1057520005;rs587782289;rs1057519984;rs587782082;rs28934576;rs1057519999;rs730882004;rs121913343;rs587781991
Malignant melanoma of skin,rs1057519985;rs483352697;rs876659802;rs121912660;rs876660821;rs764146326;rs1057519990;rs121912651;rs753660142;rs786201057;rs11540652;rs786203436;rs1057519747;rs17849781;rs863224451;rs193920774;rs121912666;rs138729528;rs148924904;rs587781525;rs587780070;rs28934573;rs876660754;rs1057520006;rs28934574;rs28934874;rs587778720;rs730882008;rs1057520000;rs1057519991;rs1057520002;rs1057519997;rs786201059;rs530941076;rs397516436;rs1057519983;rs1057520005;rs1057519984;rs28934576;rs1057520003;rs121913343
Pancreatic adenocarcinoma,rs1057519985;rs483352697;rs730882005;rs876659802;rs1057519977;rs942158624;rs587780073;rs1057520007;rs876660821;rs764146326;rs1057519990;rs121912651;rs1057519981;rs786201057;rs1057520003;rs11540652;rs786203436;rs1057519747;rs1057519975;rs786201838;rs1057519976;rs1057520008;rs1057519992;rs967461896;rs17849781;rs863224451;rs1057519998;rs786202962;rs876658468;rs1057519980;rs193920774;rs121912666;rs765848205;rs138729528;rs148924904;rs121912657;rs587781525;rs28934575;rs587782664;rs1057519995;rs1057519994;rs28934573;rs1057520001;rs587782329;rs886039484;rs1057520006;rs587780070;rs876660754;rs760043106;rs864622237;rs28934574;rs28934874;rs587781288;rs587778720;rs1057519978;rs1057520004;rs730882008;rs1057520000;rs1057519996;rs730882026;rs1057520002;rs876660333;rs1057519991;rs786201059;rs876659675;rs530941076;rs747342068;rs121912656;rs587782177;rs397516436;rs1057519983;rs866775781;rs1057520005;rs587782289;rs587780071;rs1057519984;rs587782082;rs28934576;rs730882004;rs121913343;rs587781991;rs730882025
Vulvar adenocarcinoma of mammary gland type,rs786201059
Choroid plexus carcinoma,rs121912667;rs121912651
Astrocytoma,rs371409680
Carcinoma of pancreas,rs149633775;rs563378859;rs762846821;rs121912661;rs397514495;rs746601313;rs28934576;rs11540652;rs28934578;rs1131691042;rs1131691003;rs55832599
Glioma susceptibility 1,rs149633775;rs563378859;rs762846821;rs397514495;rs55863639;rs746601313;rs28934576;rs11540652;rs28934578;rs1131691042;rs1131691003;rs55832599
Choroid plexus papilloma,rs149633775;rs563378859;rs762846821;rs863223301;rs746601313;rs28934576;rs11540652;rs28934578;rs1131691042;rs1131691003;rs55832599
Osteosarcoma,rs28934573;rs149633775;rs563378859;rs762846821;rs863223301;rs746601313;rs28934576;rs11540652;rs28934578;rs1131691042;rs1131691003;rs55832599
Nasopharyngeal carcinoma,rs149633775;rs563378859;rs762846821;rs121912660;rs746601313;rs28934576;rs11540652;rs28934578;rs1131691042;rs1131691003;rs55832599
Neoplasm of stomach,rs149633775
Renal cell carcinoma, papillary, 1,rs876660807;rs483352697;rs1057520007;rs764146326;rs786201057;rs1057520008;rs1057519992;rs967461896;rs863224451;rs786202962;rs1057519980;rs121912666;rs121912657;rs587781525;rs1057519977;rs28934573;rs28934574;rs587781288;rs587778720;rs1057519978;rs730882008;rs1057520002;rs876660333;rs530941076;rs397516436;rs1057519983;rs1057519984;rs1057519999;rs1057520003
Squamous cell lung carcinoma,rs483352697;rs876659802;rs375874539;rs121912655;rs121912660;rs942158624;rs587780073;rs1057520007;rs876660821;rs764146326;rs1057519990;rs121912651;rs753660142;rs786201057;rs1057520003;rs11540652;rs786203436;rs1057519975;rs786201838;rs1057519976;rs1057519986;rs1057519992;rs1057520008;rs17849781;rs967461896;rs786202962;rs876658468;rs1057519988;rs1057519980;rs193920774;rs121912666;rs765848205;rs138729528;rs148924904;rs1057519994;rs587781525;rs28934575;rs587782664;rs1057519977;rs587780070;rs985033810;rs1057519982;rs587782329;rs1057519989;rs760043106;rs864622237;rs28934574;rs28934874;rs587781288;rs587778720;rs1057519978;rs1057520004;rs730882008;rs1057520000;rs1057519996;rs730882026;rs1057519991;rs1057519997;rs530941076;rs747342068;rs1057519987;rs121912656;rs397516436;rs866775781;rs587782289;rs1057519984;rs587782082;rs28934576;rs730882004;rs121913343;rs587781991;rs730882025
Glioblastoma,rs483352697;rs730882005;rs375874539;rs121912655;rs942158624;rs587780073;rs1057520007;rs876660821;rs764146326;rs1057519990;rs121912651;rs1057519981;rs786201057;rs11540652;rs1057520008;rs1057519992;rs863224451;rs1057519998;rs193920774;rs121912666;rs138729528;rs1057519994;rs587781525;rs28934575;rs1057519995;rs587780070;rs985033810;rs1057519982;rs587782329;rs28934573;rs1057519989;rs760043106;rs864622237;rs28934574;rs587778720;rs1057520004;rs730882008;rs1057519996;rs1057519991;rs1057520002;rs1057519997;rs530941076;rs876659675;rs747342068;rs121912656;rs397516436;rs1057519983;rs866775781;rs587780071;rs1057519984;rs587782082;rs28934576;rs1057520003;rs121913343;rs730882025
Adenocarcinoma of prostate,rs876660807;rs587780073;rs121912651;rs11540652;rs1057519975;rs786201838;rs1057519976;rs967461896;rs786202962;rs876658468;rs1057519980;rs121912666;rs138729528;rs1057519977;rs28934575;rs587782329;rs1057520006;rs864622237;rs28934574;rs587781288;rs587778720;rs1057519978;rs730882008;rs730882026;rs530941076;rs121912656;rs397516436;rs1057520005;rs587782289;rs1057519999;rs587782082;rs28934576;rs121913343;rs587781991
Malignant neoplasm of body of uterus,rs876660807;rs730882005;rs876659802;rs1057520007;rs876660821;rs764146326;rs1057519990;rs121912651;rs1057519981;rs786203071;rs11540652;rs1057519747;rs786201838;rs1057520008;rs17849781;rs876658468;rs786201419;rs193920774;rs121912666;rs765848205;rs138729528;rs121912657;rs587781525;rs587782664;rs1057519977;rs587780070;rs985033810;rs28934573;rs587782329;rs876660754;rs1057519989;rs28934574;rs28934874;rs587781288;rs587778720;rs1057519978;rs730882008;rs1057520000;rs1057519991;rs1057520002;rs876660333;rs530941076;rs397516436;rs1057519984;rs587782082;rs28934576;rs1057519999;rs730882004;rs121913343
Pleomorphic xanthoastrocytoma,rs28934574
Astrocytoma, anaplastic,rs28934574;rs28934575
Li-Fraumeni-like syndrome,rs28934577;rs121912655;rs28934574;rs121912658;rs730882018;rs28934575
Colorectal cancer,rs1057519998;rs28934574;rs397516436;rs28934576;rs72661116;rs28934578;rs28934575
Uterine Carcinosarcoma,rs876660807;rs730882005;rs375874539;rs121912655;rs121912660;rs942158624;rs1057520007;rs876660821;rs764146326;rs1057519990;rs121912651;rs753660142;rs1057519981;rs11540652;rs786203436;rs786201838;rs1057520008;rs876658468;rs193920774;rs121912666;rs138729528;rs148924904;rs1057519994;rs587781525;rs28934575;rs587780070;rs985033810;rs1057519982;rs587782329;rs28934573;rs1057519989;rs760043106;rs28934874;rs587778720;rs1057520004;rs1057519996;rs1057520000;rs1057519991;rs1057520002;rs530941076;rs747342068;rs121912656;rs397516436;rs866775781;rs1057519984;rs587782082;rs28934576;rs1057519999;rs121913343;rs730882025
Neuroblastoma,rs764146326;rs587781525;rs1057519984
Multiple myeloma,rs483352697;rs730882005;rs876659802;rs942158624;rs1057520007;rs764146326;rs121912651;rs1057519981;rs11540652;rs1057520008;rs17849781;rs863224451;rs1057519994;rs121912657;rs587781525;rs1057519977;rs760043106;rs28934874;rs587781288;rs1057519978;rs1057519996;rs1057520000;rs876660333;rs747342068;rs1057519983;rs866775781;rs1057519984;rs730882018;rs28934576;rs121913343
Neoplasm of uterine cervix,rs730882005;rs747342068;rs1057519998;rs121912660;rs866775781;rs753660142;rs587780071;rs1057519981;rs1057519996
Nasopharyngeal Neoplasms,rs121912660;rs397516436;rs138729528;rs587778720;rs753660142
Malignant tumor of prostate,rs193920817;rs121912660;rs193920774;rs55863639;rs193920789;rs121913343
Adrenocortical carcinoma,rs1057519976;rs876660754;rs747342068;rs863224451;rs864622237;rs397516436;rs587780073;rs1057519983;rs866775781;rs587778720;rs1057520003;rs1057519747;rs786201057;rs1057519996;rs28934576;rs1057519975;rs121913343;rs587781991;rs1131691023
Brainstem glioma,rs786201838;rs28934573;rs876660754;rs148924904;rs121912656;rs1057520003;rs876658468;rs138729528;rs765848205;rs786203436;rs121912651;rs1057519747;rs587782664;rs28934576;rs786201057;rs11540652;rs730882004;rs121913343;rs28934575;rs1057520002
Metastatic pancreatic neuroendocrine tumours,rs28934576
Medulloblastoma,rs121913343;rs587782329;rs138729528;rs121912651;rs587782082;rs28934576;rs11540652;rs121912657;rs876660333
Thyroid gland undifferentiated (anaplastic) carcinoma,rs28934576
Neoplasm,rs121912651;rs28934578;rs28934576;rs11540652;rs121913343;rs28934575
Cancer of cervix,rs28934571
Myelodysplastic syndrome,rs11540652;rs121912651
Lymphoma,rs11540652
Ductal carcinoma in situ,rs11540652
Pectus excavatum,rs121912651
Cognitive impairment,rs121912651
Abnormality of the tongue,rs121912651
Pancytopenia,rs121912651
Webbed neck,rs121912651
Short stature,rs121912651
Atypical teratoid/rhabdoid tumor,rs28934575
Adenocarcinoma,rs28934575
Breast and/or ovarian cancer,rs55863639;rs760043106;rs28934575;rs587782664
Carcinoma of gallbladder,rs587780070;rs28934573;rs876660821;rs138729528;rs1057519991;rs1057520002
Papillary renal cell carcinoma, sporadic,rs786201838;rs28934573;rs530941076;rs876658468;rs121912666;rs1057520002
Hepatoblastoma,rs28934573
Hereditary melanoma,rs786201592
Malignant tumor of esophagus,rs1567556006;rs28934578;rs942158624
Adenoid cystic carcinoma,rs1057520000;rs587778720;rs28934874;rs397516436
Acute megakaryoblastic leukemia,rs864309495
Mediastinal germ cell tumor,rs864309495
Small cell carcinoma of the ovary, hypercalcemic type,rs1567551704
Breast adenocarcinoma,rs28934874
fluorouracil response - Efficacy, Toxicity/ADR,rs1042522
paclitaxel response - Efficacy, Toxicity/ADR,rs1042522
antineoplastic agents response - Efficacy, Toxicity/ADR,rs1042522
cisplatin response - Efficacy, Toxicity/ADR,rs1042522
cyclophosphamide response - Efficacy, Toxicity/ADR,rs1042522
CODON 72 POLYMORPHISM,rs1042522
Endometrial carcinoma,rs184743157
Dyskeratosis Congenita, Recessive,rs886053514;rs886053516;rs17880282;rs886053515;rs34067256
Dyskeratosis congenita, autosomal recessive, 3,rs2287498;rs17880282;rs17551150;rs17883670;rs34067256;rs2287499
Common variable agammaglobulinemia,
